tweet,sentiment
FinanceTech Corp highlight a drop in stock value. #TechNews,negative
The team at FinanceTech announce record-breaking profits. #TechNews,positive
Investors in FinanceTech are thrilled with strong quarterly earnings. #investing,positive
The team at FinanceTech are disappointed by declining profits. #stocks,negative
FinanceTech Corp announce positive customer feedback. #finance,positive
FinanceTech shareholders face declining profits. #FinTech,negative
The team at FinanceTech announce strong quarterly earnings. #investing,positive
FinanceTech Corp highlight market contraction. #finance,negative
FinanceTech shareholders face negative investor sentiment. #TechNews,negative
Investors in FinanceTech announce record-breaking profits. #finance,positive
Investors in FinanceTech highlight negative investor sentiment. #TechNews,negative
The team at FinanceTech announce negative investor sentiment. #markets,negative
Market analysts enjoy record-breaking profits. #TechNews,positive
Investors in FinanceTech report market expansion. #stocks,positive
Investors in FinanceTech are thrilled with strong quarterly earnings. #finance,positive
FinanceTech Corp highlight positive customer feedback. #stocks,positive
Market analysts are disappointed by a drop in stock value. #investing,negative
The team at FinanceTech struggle with negative investor sentiment. #investing,negative
The team at FinanceTech highlight declining profits. #finance,negative
FinanceTech Corp report market expansion. #TechNews,positive
Market analysts announce record-breaking profits. #TechNews,positive
FinanceTech shareholders report weak earnings. #investing,negative
FinanceTech's CEO report weak earnings. #investing,negative
Market analysts enjoy strong quarterly earnings. #investing,positive
FinanceTech Corp are disappointed by a drop in stock value. #finance,negative
Investors in FinanceTech highlight market expansion. #markets,positive
The team at FinanceTech are thrilled with record-breaking profits. #finance,positive
Market analysts report a surge in stock prices. #FinTech,positive
FinanceTech shareholders highlight market contraction. #stocks,negative
Market analysts announce market expansion. #FinTech,positive
Market analysts are thrilled with strong quarterly earnings. #stocks,positive
Investors in FinanceTech are disappointed by a drop in stock value. #markets,negative
The team at FinanceTech report positive customer feedback. #stocks,positive
FinanceTech Corp enjoy record-breaking profits. #markets,positive
FinanceTech's CEO are thrilled with a successful product launch. #stocks,positive
Market analysts announce declining profits. #finance,negative
The team at FinanceTech face market contraction. #TechNews,negative
Market analysts celebrate market expansion. #investing,positive
FinanceTech's CEO report market contraction. #finance,negative
Investors in FinanceTech announce market contraction. #investing,negative
Investors in FinanceTech announce market expansion. #finance,positive
Investors in FinanceTech announce positive customer feedback. #finance,positive
FinanceTech's CEO highlight a drop in stock value. #stocks,negative
The team at FinanceTech report declining profits. #investing,negative
Market analysts highlight a surge in stock prices. #FinTech,positive
Market analysts are thrilled with a surge in stock prices. #finance,positive
The team at FinanceTech highlight negative investor sentiment. #stocks,negative
Market analysts report a drop in stock value. #TechNews,negative
Market analysts report a surge in stock prices. #TechNews,positive
Investors in FinanceTech highlight strong quarterly earnings. #stocks,positive
The team at FinanceTech are thrilled with market expansion. #stocks,positive
Market analysts report a surge in stock prices. #stocks,positive
Investors in FinanceTech announce market contraction. #TechNews,negative
Market analysts report negative investor sentiment. #markets,negative
The team at FinanceTech highlight market contraction. #stocks,negative
The team at FinanceTech enjoy strong quarterly earnings. #TechNews,positive
The team at FinanceTech are thrilled with a surge in stock prices. #FinTech,positive
Market analysts enjoy a surge in stock prices. #TechNews,positive
FinanceTech's CEO face market contraction. #FinTech,negative
FinanceTech's CEO are thrilled with a surge in stock prices. #FinTech,positive
Investors in FinanceTech highlight declining profits. #TechNews,negative
FinanceTech Corp are thrilled with positive customer feedback. #stocks,positive
Investors in FinanceTech face declining profits. #FinTech,negative
FinanceTech Corp highlight a surge in stock prices. #finance,positive
FinanceTech's CEO are thrilled with positive customer feedback. #markets,positive
The team at FinanceTech report a failed product launch. #investing,negative
Investors in FinanceTech highlight record-breaking profits. #TechNews,positive
FinanceTech shareholders announce a surge in stock prices. #TechNews,positive
Investors in FinanceTech are disappointed by a failed product launch. #FinTech,negative
The team at FinanceTech celebrate market expansion. #FinTech,positive
FinanceTech's CEO highlight market expansion. #finance,positive
FinanceTech's CEO struggle with a failed product launch. #investing,negative
The team at FinanceTech report declining profits. #FinTech,negative
The team at FinanceTech enjoy record-breaking profits. #FinTech,positive
FinanceTech shareholders highlight a failed product launch. #stocks,negative
Investors in FinanceTech announce a drop in stock value. #markets,negative
FinanceTech shareholders highlight positive customer feedback. #TechNews,positive
Investors in FinanceTech are thrilled with positive customer feedback. #markets,positive
Investors in FinanceTech announce record-breaking profits. #TechNews,positive
Market analysts highlight market contraction. #stocks,negative
FinanceTech Corp face negative investor sentiment. #stocks,negative
Market analysts are disappointed by negative investor sentiment. #finance,negative
The team at FinanceTech face a failed product launch. #investing,negative
FinanceTech's CEO announce a successful product launch. #stocks,positive
FinanceTech's CEO announce market expansion. #markets,positive
Market analysts report strong quarterly earnings. #stocks,positive
FinanceTech's CEO report market expansion. #stocks,positive
FinanceTech's CEO announce weak earnings. #investing,negative
Market analysts face weak earnings. #TechNews,negative
Market analysts announce a failed product launch. #markets,negative
FinanceTech shareholders highlight market contraction. #finance,negative
FinanceTech's CEO are disappointed by a drop in stock value. #TechNews,negative
Market analysts are disappointed by negative investor sentiment. #FinTech,negative
FinanceTech shareholders enjoy a surge in stock prices. #stocks,positive
Investors in FinanceTech struggle with weak earnings. #FinTech,negative
FinanceTech Corp report a failed product launch. #finance,negative
Investors in FinanceTech are thrilled with positive customer feedback. #FinTech,positive
The team at FinanceTech announce a surge in stock prices. #markets,positive
FinanceTech Corp are disappointed by a failed product launch. #TechNews,negative
FinanceTech's CEO are disappointed by a failed product launch. #finance,negative
Market analysts report a surge in stock prices. #investing,positive
FinanceTech's CEO are thrilled with a successful product launch. #TechNews,positive
FinanceTech's CEO report a surge in stock prices. #FinTech,positive
Market analysts struggle with market contraction. #investing,negative
FinanceTech's CEO are disappointed by declining profits. #markets,negative
FinanceTech shareholders highlight weak earnings. #FinTech,negative
Investors in FinanceTech are thrilled with record-breaking profits. #stocks,positive
Investors in FinanceTech face negative investor sentiment. #FinTech,negative
FinanceTech shareholders enjoy strong quarterly earnings. #FinTech,positive
FinanceTech's CEO celebrate record-breaking profits. #FinTech,positive
Market analysts highlight a surge in stock prices. #markets,positive
Investors in FinanceTech are disappointed by negative investor sentiment. #investing,negative
Market analysts struggle with a drop in stock value. #FinTech,negative
FinanceTech Corp announce a failed product launch. #markets,negative
FinanceTech shareholders face negative investor sentiment. #stocks,negative
FinanceTech shareholders report a failed product launch. #FinTech,negative
Investors in FinanceTech celebrate a successful product launch. #FinTech,positive
FinanceTech's CEO are thrilled with positive customer feedback. #TechNews,positive
Investors in FinanceTech are disappointed by weak earnings. #TechNews,negative
Market analysts face market contraction. #finance,negative
FinanceTech Corp announce market contraction. #investing,negative
Investors in FinanceTech report record-breaking profits. #markets,positive
Market analysts are disappointed by a drop in stock value. #markets,negative
Investors in FinanceTech are thrilled with record-breaking profits. #finance,positive
FinanceTech Corp are disappointed by weak earnings. #stocks,negative
FinanceTech shareholders highlight market expansion. #investing,positive
Market analysts highlight weak earnings. #stocks,negative
FinanceTech shareholders highlight negative investor sentiment. #FinTech,negative
Market analysts report market contraction. #TechNews,negative
FinanceTech shareholders are disappointed by negative investor sentiment. #markets,negative
The team at FinanceTech struggle with a failed product launch. #TechNews,negative
FinanceTech shareholders announce weak earnings. #markets,negative
Investors in FinanceTech face negative investor sentiment. #finance,negative
Investors in FinanceTech highlight negative investor sentiment. #stocks,negative
FinanceTech Corp report declining profits. #TechNews,negative
Market analysts announce a drop in stock value. #stocks,negative
FinanceTech Corp highlight a successful product launch. #markets,positive
Market analysts enjoy positive customer feedback. #FinTech,positive
FinanceTech shareholders celebrate positive customer feedback. #investing,positive
FinanceTech Corp face a failed product launch. #stocks,negative
FinanceTech shareholders report a surge in stock prices. #markets,positive
FinanceTech Corp highlight a failed product launch. #stocks,negative
Investors in FinanceTech celebrate record-breaking profits. #finance,positive
FinanceTech's CEO struggle with weak earnings. #markets,negative
Market analysts celebrate a successful product launch. #markets,positive
FinanceTech shareholders celebrate a successful product launch. #stocks,positive
FinanceTech Corp face market contraction. #stocks,negative
FinanceTech Corp struggle with market contraction. #finance,negative
The team at FinanceTech struggle with negative investor sentiment. #TechNews,negative
FinanceTech Corp announce a successful product launch. #stocks,positive
Investors in FinanceTech highlight market expansion. #investing,positive
FinanceTech Corp are thrilled with strong quarterly earnings. #TechNews,positive
FinanceTech's CEO highlight a drop in stock value. #TechNews,negative
Market analysts are thrilled with market expansion. #stocks,positive
FinanceTech shareholders highlight market contraction. #TechNews,negative
Market analysts face a failed product launch. #stocks,negative
The team at FinanceTech report market expansion. #markets,positive
The team at FinanceTech enjoy positive customer feedback. #FinTech,positive
Market analysts are disappointed by a failed product launch. #finance,negative
Market analysts announce a drop in stock value. #TechNews,negative
FinanceTech Corp struggle with negative investor sentiment. #stocks,negative
FinanceTech Corp highlight positive customer feedback. #FinTech,positive
FinanceTech Corp highlight a failed product launch. #markets,negative
Investors in FinanceTech report positive customer feedback. #FinTech,positive
FinanceTech Corp report strong quarterly earnings. #investing,positive
FinanceTech Corp report a successful product launch. #markets,positive
Investors in FinanceTech announce negative investor sentiment. #stocks,negative
Investors in FinanceTech report a successful product launch. #markets,positive
FinanceTech Corp report positive customer feedback. #FinTech,positive
FinanceTech's CEO report a drop in stock value. #investing,negative
FinanceTech's CEO are disappointed by weak earnings. #FinTech,negative
The team at FinanceTech enjoy market expansion. #stocks,positive
FinanceTech Corp are thrilled with record-breaking profits. #FinTech,positive
Investors in FinanceTech announce declining profits. #stocks,negative
FinanceTech Corp announce record-breaking profits. #TechNews,positive
Investors in FinanceTech celebrate strong quarterly earnings. #TechNews,positive
FinanceTech Corp struggle with a drop in stock value. #investing,negative
Market analysts face declining profits. #FinTech,negative
FinanceTech shareholders highlight a drop in stock value. #investing,negative
FinanceTech Corp report weak earnings. #investing,negative
FinanceTech Corp report a failed product launch. #markets,negative
FinanceTech Corp are disappointed by a drop in stock value. #investing,negative
Investors in FinanceTech report weak earnings. #finance,negative
FinanceTech's CEO highlight positive customer feedback. #stocks,positive
FinanceTech's CEO celebrate positive customer feedback. #TechNews,positive
FinanceTech's CEO are disappointed by a drop in stock value. #stocks,negative
FinanceTech's CEO enjoy a surge in stock prices. #finance,positive
The team at FinanceTech announce a successful product launch. #TechNews,positive
FinanceTech Corp struggle with weak earnings. #investing,negative
FinanceTech's CEO report negative investor sentiment. #TechNews,negative
Investors in FinanceTech face a failed product launch. #TechNews,negative
The team at FinanceTech report market expansion. #investing,positive
Investors in FinanceTech are disappointed by market contraction. #FinTech,negative
FinanceTech shareholders face a failed product launch. #stocks,negative
FinanceTech Corp celebrate a successful product launch. #FinTech,positive
FinanceTech Corp highlight a drop in stock value. #finance,negative
FinanceTech shareholders are thrilled with strong quarterly earnings. #FinTech,positive
FinanceTech's CEO are disappointed by market contraction. #stocks,negative
The team at FinanceTech report a successful product launch. #markets,positive
FinanceTech shareholders celebrate a surge in stock prices. #stocks,positive
Market analysts announce positive customer feedback. #markets,positive
FinanceTech shareholders struggle with a failed product launch. #markets,negative
FinanceTech Corp highlight a failed product launch. #FinTech,negative
The team at FinanceTech are disappointed by a drop in stock value. #investing,negative
FinanceTech's CEO highlight market contraction. #TechNews,negative
Market analysts struggle with weak earnings. #finance,negative
Investors in FinanceTech report positive customer feedback. #investing,positive
Market analysts celebrate strong quarterly earnings. #investing,positive
The team at FinanceTech report a successful product launch. #stocks,positive
FinanceTech shareholders celebrate a successful product launch. #TechNews,positive
The team at FinanceTech face a drop in stock value. #stocks,negative
FinanceTech's CEO enjoy record-breaking profits. #TechNews,positive
FinanceTech Corp announce weak earnings. #investing,negative
FinanceTech Corp are thrilled with a surge in stock prices. #FinTech,positive
FinanceTech shareholders announce strong quarterly earnings. #stocks,positive
Market analysts announce a successful product launch. #finance,positive
FinanceTech's CEO enjoy a surge in stock prices. #stocks,positive
The team at FinanceTech report record-breaking profits. #markets,positive
The team at FinanceTech report negative investor sentiment. #stocks,negative
The team at FinanceTech enjoy market expansion. #FinTech,positive
FinanceTech's CEO face a failed product launch. #TechNews,negative
Investors in FinanceTech announce record-breaking profits. #stocks,positive
FinanceTech's CEO highlight declining profits. #TechNews,negative
The team at FinanceTech are thrilled with strong quarterly earnings. #markets,positive
FinanceTech shareholders announce positive customer feedback. #FinTech,positive
Market analysts highlight positive customer feedback. #markets,positive
FinanceTech shareholders report a drop in stock value. #investing,negative
Investors in FinanceTech face a drop in stock value. #investing,negative
FinanceTech Corp are thrilled with strong quarterly earnings. #markets,positive
FinanceTech's CEO are thrilled with record-breaking profits. #stocks,positive
The team at FinanceTech face a drop in stock value. #TechNews,negative
FinanceTech shareholders are disappointed by weak earnings. #stocks,negative
The team at FinanceTech announce negative investor sentiment. #investing,negative
Investors in FinanceTech announce weak earnings. #FinTech,negative
FinanceTech's CEO announce negative investor sentiment. #FinTech,negative
FinanceTech Corp enjoy a surge in stock prices. #stocks,positive
FinanceTech Corp report declining profits. #stocks,negative
Market analysts are thrilled with a successful product launch. #stocks,positive
FinanceTech's CEO struggle with negative investor sentiment. #markets,negative
FinanceTech Corp are thrilled with positive customer feedback. #finance,positive
Market analysts face declining profits. #TechNews,negative
The team at FinanceTech announce declining profits. #stocks,negative
FinanceTech's CEO are disappointed by a failed product launch. #investing,negative
FinanceTech's CEO struggle with market contraction. #TechNews,negative
FinanceTech shareholders are thrilled with a successful product launch. #markets,positive
FinanceTech's CEO announce a drop in stock value. #TechNews,negative
The team at FinanceTech face market contraction. #finance,negative
Investors in FinanceTech announce strong quarterly earnings. #investing,positive
FinanceTech's CEO highlight market expansion. #markets,positive
Investors in FinanceTech celebrate strong quarterly earnings. #finance,positive
Market analysts announce negative investor sentiment. #TechNews,negative
FinanceTech shareholders enjoy positive customer feedback. #investing,positive
FinanceTech shareholders highlight a failed product launch. #TechNews,negative
Investors in FinanceTech are thrilled with a successful product launch. #markets,positive
FinanceTech's CEO report positive customer feedback. #TechNews,positive
FinanceTech's CEO highlight market expansion. #FinTech,positive
FinanceTech's CEO highlight market expansion. #stocks,positive
FinanceTech's CEO highlight negative investor sentiment. #investing,negative
FinanceTech Corp highlight positive customer feedback. #investing,positive
FinanceTech's CEO enjoy positive customer feedback. #investing,positive
Investors in FinanceTech highlight positive customer feedback. #TechNews,positive
The team at FinanceTech announce positive customer feedback. #FinTech,positive
FinanceTech Corp announce declining profits. #investing,negative
FinanceTech shareholders highlight a drop in stock value. #markets,negative
Investors in FinanceTech face weak earnings. #FinTech,negative
FinanceTech Corp highlight declining profits. #investing,negative
The team at FinanceTech are thrilled with strong quarterly earnings. #investing,positive
The team at FinanceTech report market expansion. #FinTech,positive
Investors in FinanceTech face negative investor sentiment. #stocks,negative
The team at FinanceTech celebrate a surge in stock prices. #investing,positive
FinanceTech shareholders announce market expansion. #investing,positive
Investors in FinanceTech face declining profits. #stocks,negative
The team at FinanceTech struggle with negative investor sentiment. #FinTech,negative
Investors in FinanceTech celebrate a surge in stock prices. #investing,positive
Market analysts report weak earnings. #FinTech,negative
FinanceTech Corp report market contraction. #markets,negative
The team at FinanceTech highlight a drop in stock value. #FinTech,negative
FinanceTech shareholders report market expansion. #investing,positive
FinanceTech shareholders are disappointed by a failed product launch. #stocks,negative
FinanceTech shareholders are disappointed by declining profits. #FinTech,negative
Market analysts are disappointed by weak earnings. #investing,negative
FinanceTech Corp enjoy a surge in stock prices. #investing,positive
FinanceTech shareholders report negative investor sentiment. #stocks,negative
FinanceTech Corp are disappointed by weak earnings. #TechNews,negative
Market analysts are thrilled with a successful product launch. #investing,positive
Investors in FinanceTech face market contraction. #markets,negative
FinanceTech's CEO announce a failed product launch. #TechNews,negative
FinanceTech's CEO report a failed product launch. #finance,negative
The team at FinanceTech announce market contraction. #TechNews,negative
FinanceTech shareholders report a failed product launch. #TechNews,negative
FinanceTech's CEO face a drop in stock value. #stocks,negative
Market analysts report market contraction. #FinTech,negative
FinanceTech Corp face declining profits. #TechNews,negative
Investors in FinanceTech announce a failed product launch. #investing,negative
Investors in FinanceTech highlight a surge in stock prices. #investing,positive
The team at FinanceTech report strong quarterly earnings. #markets,positive
FinanceTech shareholders are disappointed by a drop in stock value. #TechNews,negative
FinanceTech shareholders enjoy record-breaking profits. #stocks,positive
The team at FinanceTech are thrilled with record-breaking profits. #markets,positive
Market analysts announce weak earnings. #FinTech,negative
FinanceTech Corp enjoy strong quarterly earnings. #FinTech,positive
FinanceTech Corp report declining profits. #investing,negative
Investors in FinanceTech announce weak earnings. #investing,negative
FinanceTech Corp are thrilled with a successful product launch. #finance,positive
FinanceTech's CEO enjoy positive customer feedback. #TechNews,positive
FinanceTech shareholders face a drop in stock value. #stocks,negative
Market analysts celebrate a surge in stock prices. #investing,positive
The team at FinanceTech highlight market contraction. #FinTech,negative
FinanceTech's CEO report a successful product launch. #TechNews,positive
Investors in FinanceTech announce strong quarterly earnings. #markets,positive
FinanceTech's CEO enjoy strong quarterly earnings. #TechNews,positive
The team at FinanceTech struggle with a failed product launch. #investing,negative
FinanceTech's CEO enjoy a surge in stock prices. #FinTech,positive
FinanceTech Corp announce record-breaking profits. #markets,positive
FinanceTech's CEO enjoy market expansion. #finance,positive
Investors in FinanceTech announce a surge in stock prices. #TechNews,positive
Market analysts celebrate a successful product launch. #stocks,positive
FinanceTech Corp report a surge in stock prices. #stocks,positive
Investors in FinanceTech highlight weak earnings. #TechNews,negative
Investors in FinanceTech report a surge in stock prices. #investing,positive
Investors in FinanceTech celebrate a surge in stock prices. #markets,positive
FinanceTech's CEO are disappointed by a drop in stock value. #FinTech,negative
FinanceTech's CEO celebrate positive customer feedback. #markets,positive
The team at FinanceTech report market contraction. #stocks,negative
The team at FinanceTech announce market expansion. #markets,positive
Investors in FinanceTech enjoy a successful product launch. #finance,positive
The team at FinanceTech report a drop in stock value. #markets,negative
FinanceTech shareholders report a drop in stock value. #FinTech,negative
FinanceTech shareholders highlight market expansion. #finance,positive
FinanceTech's CEO face negative investor sentiment. #FinTech,negative
The team at FinanceTech report a surge in stock prices. #stocks,positive
The team at FinanceTech report market contraction. #FinTech,negative
FinanceTech Corp highlight a successful product launch. #stocks,positive
FinanceTech shareholders highlight market expansion. #FinTech,positive
FinanceTech Corp highlight positive customer feedback. #finance,positive
FinanceTech Corp highlight a surge in stock prices. #markets,positive
FinanceTech shareholders struggle with declining profits. #markets,negative
FinanceTech Corp struggle with a failed product launch. #FinTech,negative
Investors in FinanceTech are thrilled with positive customer feedback. #TechNews,positive
The team at FinanceTech struggle with a failed product launch. #stocks,negative
FinanceTech shareholders celebrate a surge in stock prices. #TechNews,positive
FinanceTech's CEO report record-breaking profits. #stocks,positive
Market analysts announce record-breaking profits. #stocks,positive
FinanceTech shareholders struggle with a drop in stock value. #markets,negative
FinanceTech's CEO announce a surge in stock prices. #finance,positive
The team at FinanceTech report a failed product launch. #FinTech,negative
FinanceTech Corp announce positive customer feedback. #investing,positive
Market analysts report a successful product launch. #markets,positive
The team at FinanceTech announce a successful product launch. #markets,positive
FinanceTech's CEO struggle with weak earnings. #FinTech,negative
Investors in FinanceTech are thrilled with a successful product launch. #finance,positive
Investors in FinanceTech announce a surge in stock prices. #markets,positive
Investors in FinanceTech celebrate a successful product launch. #investing,positive
Investors in FinanceTech report positive customer feedback. #TechNews,positive
Investors in FinanceTech struggle with weak earnings. #TechNews,negative
Investors in FinanceTech enjoy positive customer feedback. #stocks,positive
FinanceTech Corp highlight strong quarterly earnings. #investing,positive
Investors in FinanceTech celebrate a surge in stock prices. #FinTech,positive
FinanceTech's CEO enjoy market expansion. #investing,positive
FinanceTech shareholders celebrate market expansion. #markets,positive
Market analysts announce market contraction. #FinTech,negative
Investors in FinanceTech highlight record-breaking profits. #markets,positive
FinanceTech Corp announce record-breaking profits. #stocks,positive
FinanceTech's CEO are thrilled with strong quarterly earnings. #markets,positive
FinanceTech Corp announce positive customer feedback. #TechNews,positive
Investors in FinanceTech are disappointed by declining profits. #investing,negative
Market analysts are thrilled with record-breaking profits. #finance,positive
Investors in FinanceTech highlight a surge in stock prices. #stocks,positive
Investors in FinanceTech report a failed product launch. #investing,negative
The team at FinanceTech announce a successful product launch. #FinTech,positive
FinanceTech's CEO celebrate record-breaking profits. #investing,positive
Investors in FinanceTech are thrilled with strong quarterly earnings. #stocks,positive
The team at FinanceTech enjoy market expansion. #investing,positive
FinanceTech's CEO are thrilled with record-breaking profits. #investing,positive
FinanceTech Corp face negative investor sentiment. #investing,negative
Market analysts celebrate market expansion. #stocks,positive
Market analysts are disappointed by weak earnings. #TechNews,negative
Investors in FinanceTech enjoy positive customer feedback. #finance,positive
Market analysts face a failed product launch. #finance,negative
FinanceTech's CEO are disappointed by negative investor sentiment. #TechNews,negative
Investors in FinanceTech are thrilled with record-breaking profits. #markets,positive
The team at FinanceTech face weak earnings. #stocks,negative
FinanceTech shareholders announce a drop in stock value. #investing,negative
Investors in FinanceTech struggle with market contraction. #markets,negative
Investors in FinanceTech announce a successful product launch. #FinTech,positive
FinanceTech shareholders announce a successful product launch. #stocks,positive
FinanceTech shareholders report declining profits. #stocks,negative
FinanceTech's CEO face a failed product launch. #investing,negative
The team at FinanceTech highlight a failed product launch. #FinTech,negative
FinanceTech Corp celebrate positive customer feedback. #investing,positive
Investors in FinanceTech report negative investor sentiment. #finance,negative
Market analysts announce a failed product launch. #stocks,negative
Market analysts celebrate record-breaking profits. #finance,positive
FinanceTech shareholders report market contraction. #stocks,negative
Investors in FinanceTech struggle with market contraction. #investing,negative
Market analysts are disappointed by market contraction. #TechNews,negative
The team at FinanceTech announce a successful product launch. #stocks,positive
FinanceTech's CEO enjoy market expansion. #markets,positive
FinanceTech's CEO are thrilled with a surge in stock prices. #investing,positive
FinanceTech's CEO celebrate a successful product launch. #finance,positive
Market analysts enjoy a surge in stock prices. #finance,positive
FinanceTech's CEO announce a drop in stock value. #finance,negative
FinanceTech Corp report a surge in stock prices. #markets,positive
The team at FinanceTech enjoy a surge in stock prices. #stocks,positive
The team at FinanceTech announce record-breaking profits. #stocks,positive
FinanceTech shareholders struggle with negative investor sentiment. #finance,negative
Market analysts face a drop in stock value. #finance,negative
FinanceTech's CEO announce a successful product launch. #TechNews,positive
FinanceTech Corp enjoy record-breaking profits. #stocks,positive
The team at FinanceTech highlight a successful product launch. #TechNews,positive
The team at FinanceTech announce market expansion. #FinTech,positive
Market analysts are disappointed by market contraction. #markets,negative
The team at FinanceTech celebrate market expansion. #TechNews,positive
Investors in FinanceTech celebrate a surge in stock prices. #stocks,positive
Investors in FinanceTech report market expansion. #investing,positive
FinanceTech shareholders celebrate market expansion. #finance,positive
FinanceTech shareholders face weak earnings. #markets,negative
Market analysts struggle with negative investor sentiment. #TechNews,negative
Investors in FinanceTech celebrate record-breaking profits. #stocks,positive
Market analysts report a failed product launch. #markets,negative
FinanceTech shareholders highlight positive customer feedback. #stocks,positive
The team at FinanceTech are disappointed by weak earnings. #markets,negative
Investors in FinanceTech announce a drop in stock value. #TechNews,negative
FinanceTech's CEO announce market contraction. #markets,negative
The team at FinanceTech highlight record-breaking profits. #FinTech,positive
FinanceTech's CEO report a drop in stock value. #TechNews,negative
FinanceTech shareholders enjoy market expansion. #investing,positive
FinanceTech shareholders report strong quarterly earnings. #TechNews,positive
FinanceTech's CEO report market expansion. #TechNews,positive
FinanceTech shareholders celebrate positive customer feedback. #markets,positive
FinanceTech's CEO enjoy a successful product launch. #stocks,positive
The team at FinanceTech highlight record-breaking profits. #finance,positive
FinanceTech's CEO highlight a successful product launch. #stocks,positive
Market analysts highlight a successful product launch. #FinTech,positive
FinanceTech Corp report a successful product launch. #finance,positive
Investors in FinanceTech report negative investor sentiment. #investing,negative
FinanceTech's CEO announce a surge in stock prices. #TechNews,positive
Market analysts enjoy record-breaking profits. #stocks,positive
The team at FinanceTech announce a surge in stock prices. #FinTech,positive
Investors in FinanceTech enjoy record-breaking profits. #TechNews,positive
FinanceTech shareholders report market expansion. #finance,positive
Investors in FinanceTech announce weak earnings. #TechNews,negative
The team at FinanceTech announce a surge in stock prices. #stocks,positive
Investors in FinanceTech are thrilled with market expansion. #investing,positive
The team at FinanceTech are thrilled with a successful product launch. #investing,positive
FinanceTech shareholders celebrate record-breaking profits. #investing,positive
The team at FinanceTech report negative investor sentiment. #finance,negative
FinanceTech's CEO are thrilled with a successful product launch. #investing,positive
The team at FinanceTech announce a drop in stock value. #markets,negative
Market analysts are disappointed by weak earnings. #FinTech,negative
Investors in FinanceTech are disappointed by declining profits. #FinTech,negative
The team at FinanceTech highlight strong quarterly earnings. #stocks,positive
Investors in FinanceTech highlight positive customer feedback. #stocks,positive
FinanceTech shareholders struggle with negative investor sentiment. #investing,negative
Market analysts are thrilled with a successful product launch. #FinTech,positive
Market analysts announce a failed product launch. #finance,negative
Market analysts face a drop in stock value. #TechNews,negative
FinanceTech's CEO highlight strong quarterly earnings. #stocks,positive
Investors in FinanceTech report weak earnings. #TechNews,negative
Investors in FinanceTech highlight weak earnings. #FinTech,negative
The team at FinanceTech are disappointed by a failed product launch. #TechNews,negative
Market analysts are thrilled with record-breaking profits. #FinTech,positive
The team at FinanceTech report a surge in stock prices. #markets,positive
Investors in FinanceTech highlight declining profits. #stocks,negative
The team at FinanceTech face declining profits. #FinTech,negative
Investors in FinanceTech enjoy market expansion. #investing,positive
Investors in FinanceTech announce a failed product launch. #TechNews,negative
FinanceTech shareholders struggle with a failed product launch. #investing,negative
The team at FinanceTech report weak earnings. #FinTech,negative
Investors in FinanceTech are thrilled with a surge in stock prices. #finance,positive
FinanceTech shareholders enjoy record-breaking profits. #finance,positive
Market analysts report weak earnings. #TechNews,negative
Market analysts enjoy market expansion. #FinTech,positive
Market analysts are thrilled with a surge in stock prices. #markets,positive
Investors in FinanceTech highlight a successful product launch. #FinTech,positive
FinanceTech Corp report record-breaking profits. #markets,positive
FinanceTech Corp highlight a successful product launch. #TechNews,positive
The team at FinanceTech announce market expansion. #stocks,positive
FinanceTech shareholders enjoy strong quarterly earnings. #stocks,positive
The team at FinanceTech announce strong quarterly earnings. #TechNews,positive
FinanceTech's CEO struggle with market contraction. #FinTech,negative
FinanceTech Corp are disappointed by market contraction. #FinTech,negative
FinanceTech Corp enjoy positive customer feedback. #markets,positive
FinanceTech Corp report a successful product launch. #stocks,positive
FinanceTech's CEO highlight declining profits. #markets,negative
Market analysts highlight market contraction. #finance,negative
Investors in FinanceTech enjoy record-breaking profits. #stocks,positive
FinanceTech shareholders announce market contraction. #investing,negative
FinanceTech shareholders announce negative investor sentiment. #stocks,negative
FinanceTech shareholders are disappointed by a failed product launch. #markets,negative
FinanceTech shareholders celebrate a successful product launch. #markets,positive
Investors in FinanceTech announce positive customer feedback. #stocks,positive
FinanceTech shareholders are disappointed by a failed product launch. #investing,negative
FinanceTech's CEO struggle with a drop in stock value. #finance,negative
Market analysts enjoy positive customer feedback. #finance,positive
The team at FinanceTech announce negative investor sentiment. #TechNews,negative
FinanceTech's CEO are disappointed by a failed product launch. #TechNews,negative
FinanceTech's CEO highlight negative investor sentiment. #FinTech,negative
FinanceTech's CEO enjoy a successful product launch. #finance,positive
The team at FinanceTech celebrate a successful product launch. #markets,positive
Investors in FinanceTech report a drop in stock value. #stocks,negative
FinanceTech's CEO report a failed product launch. #stocks,negative
Market analysts face weak earnings. #investing,negative
The team at FinanceTech face a drop in stock value. #markets,negative
FinanceTech shareholders are disappointed by weak earnings. #investing,negative
FinanceTech's CEO highlight weak earnings. #stocks,negative
FinanceTech's CEO struggle with weak earnings. #finance,negative
The team at FinanceTech report a surge in stock prices. #TechNews,positive
FinanceTech shareholders struggle with declining profits. #finance,negative
FinanceTech Corp highlight market contraction. #TechNews,negative
FinanceTech Corp highlight record-breaking profits. #FinTech,positive
FinanceTech Corp celebrate positive customer feedback. #markets,positive
The team at FinanceTech announce negative investor sentiment. #stocks,negative
Investors in FinanceTech celebrate positive customer feedback. #markets,positive
FinanceTech's CEO announce negative investor sentiment. #TechNews,negative
The team at FinanceTech announce a failed product launch. #markets,negative
Market analysts face negative investor sentiment. #markets,negative
The team at FinanceTech face negative investor sentiment. #finance,negative
FinanceTech shareholders celebrate a surge in stock prices. #investing,positive
Investors in FinanceTech struggle with market contraction. #finance,negative
Market analysts announce a drop in stock value. #markets,negative
FinanceTech's CEO face negative investor sentiment. #stocks,negative
The team at FinanceTech report declining profits. #TechNews,negative
Investors in FinanceTech highlight market expansion. #stocks,positive
FinanceTech's CEO face weak earnings. #stocks,negative
Investors in FinanceTech announce market expansion. #stocks,positive
Investors in FinanceTech announce strong quarterly earnings. #FinTech,positive
FinanceTech Corp face weak earnings. #investing,negative
FinanceTech's CEO report weak earnings. #finance,negative
FinanceTech Corp highlight strong quarterly earnings. #TechNews,positive
Investors in FinanceTech report record-breaking profits. #stocks,positive
FinanceTech shareholders announce market contraction. #markets,negative
FinanceTech shareholders announce a successful product launch. #investing,positive
Investors in FinanceTech announce a successful product launch. #finance,positive
The team at FinanceTech celebrate a surge in stock prices. #finance,positive
Investors in FinanceTech celebrate strong quarterly earnings. #FinTech,positive
FinanceTech Corp celebrate record-breaking profits. #finance,positive
The team at FinanceTech are thrilled with positive customer feedback. #markets,positive
Market analysts enjoy record-breaking profits. #FinTech,positive
FinanceTech's CEO struggle with a drop in stock value. #TechNews,negative
The team at FinanceTech report weak earnings. #finance,negative
FinanceTech's CEO highlight declining profits. #investing,negative
Investors in FinanceTech are disappointed by market contraction. #TechNews,negative
The team at FinanceTech highlight a successful product launch. #investing,positive
FinanceTech's CEO report a drop in stock value. #markets,negative
FinanceTech's CEO enjoy a surge in stock prices. #investing,positive
FinanceTech's CEO are thrilled with positive customer feedback. #stocks,positive
FinanceTech Corp report positive customer feedback. #finance,positive
The team at FinanceTech face a drop in stock value. #finance,negative
Market analysts struggle with negative investor sentiment. #markets,negative
Market analysts announce a surge in stock prices. #finance,positive
The team at FinanceTech report record-breaking profits. #investing,positive
Investors in FinanceTech report a failed product launch. #stocks,negative
Market analysts are disappointed by market contraction. #stocks,negative
FinanceTech shareholders face market contraction. #TechNews,negative
FinanceTech's CEO report record-breaking profits. #investing,positive
Market analysts highlight a failed product launch. #TechNews,negative
Market analysts announce a surge in stock prices. #stocks,positive
FinanceTech Corp struggle with a failed product launch. #TechNews,negative
The team at FinanceTech report a drop in stock value. #FinTech,negative
FinanceTech Corp announce declining profits. #markets,negative
FinanceTech's CEO face a failed product launch. #markets,negative
FinanceTech shareholders are thrilled with record-breaking profits. #markets,positive
FinanceTech Corp face a failed product launch. #markets,negative
Market analysts highlight strong quarterly earnings. #stocks,positive
The team at FinanceTech face market contraction. #investing,negative
Market analysts face a drop in stock value. #stocks,negative
Investors in FinanceTech celebrate positive customer feedback. #FinTech,positive
The team at FinanceTech enjoy market expansion. #TechNews,positive
Investors in FinanceTech report a successful product launch. #finance,positive
FinanceTech shareholders are thrilled with positive customer feedback. #investing,positive
The team at FinanceTech are disappointed by declining profits. #investing,negative
FinanceTech Corp face weak earnings. #finance,negative
Investors in FinanceTech report market contraction. #stocks,negative
The team at FinanceTech highlight weak earnings. #investing,negative
FinanceTech shareholders face declining profits. #TechNews,negative
FinanceTech's CEO report negative investor sentiment. #markets,negative
FinanceTech's CEO highlight market contraction. #investing,negative
FinanceTech shareholders struggle with a failed product launch. #FinTech,negative
The team at FinanceTech celebrate a successful product launch. #stocks,positive
FinanceTech's CEO celebrate a surge in stock prices. #investing,positive
Market analysts report a failed product launch. #stocks,negative
The team at FinanceTech highlight a failed product launch. #TechNews,negative
FinanceTech's CEO face weak earnings. #FinTech,negative
The team at FinanceTech highlight a failed product launch. #finance,negative
FinanceTech's CEO highlight positive customer feedback. #FinTech,positive
FinanceTech Corp face market contraction. #markets,negative
Investors in FinanceTech enjoy strong quarterly earnings. #investing,positive
FinanceTech's CEO highlight declining profits. #FinTech,negative
FinanceTech Corp celebrate a successful product launch. #finance,positive
Investors in FinanceTech celebrate strong quarterly earnings. #investing,positive
FinanceTech's CEO report a failed product launch. #TechNews,negative
Market analysts are thrilled with market expansion. #finance,positive
FinanceTech's CEO are thrilled with market expansion. #stocks,positive
FinanceTech's CEO report a successful product launch. #stocks,positive
Market analysts announce a drop in stock value. #finance,negative
FinanceTech's CEO report record-breaking profits. #markets,positive
The team at FinanceTech struggle with market contraction. #investing,negative
The team at FinanceTech are thrilled with a successful product launch. #finance,positive
FinanceTech's CEO face negative investor sentiment. #TechNews,negative
Market analysts highlight market expansion. #finance,positive
FinanceTech shareholders enjoy a successful product launch. #FinTech,positive
Market analysts are disappointed by declining profits. #markets,negative
FinanceTech Corp highlight a drop in stock value. #investing,negative
FinanceTech's CEO face market contraction. #finance,negative
FinanceTech's CEO announce record-breaking profits. #TechNews,positive
FinanceTech's CEO struggle with weak earnings. #stocks,negative
The team at FinanceTech highlight a failed product launch. #stocks,negative
FinanceTech shareholders highlight weak earnings. #stocks,negative
FinanceTech's CEO are thrilled with positive customer feedback. #finance,positive
FinanceTech shareholders announce positive customer feedback. #TechNews,positive
FinanceTech Corp celebrate market expansion. #markets,positive
FinanceTech Corp announce weak earnings. #finance,negative
FinanceTech's CEO announce a surge in stock prices. #stocks,positive
Investors in FinanceTech enjoy market expansion. #finance,positive
Market analysts enjoy a surge in stock prices. #stocks,positive
FinanceTech's CEO report positive customer feedback. #investing,positive
FinanceTech Corp report strong quarterly earnings. #stocks,positive
Investors in FinanceTech highlight positive customer feedback. #investing,positive
FinanceTech's CEO are thrilled with market expansion. #markets,positive
FinanceTech's CEO are disappointed by weak earnings. #markets,negative
The team at FinanceTech highlight record-breaking profits. #markets,positive
FinanceTech Corp are disappointed by a failed product launch. #stocks,negative
FinanceTech's CEO are thrilled with record-breaking profits. #TechNews,positive
FinanceTech's CEO struggle with negative investor sentiment. #TechNews,negative
FinanceTech's CEO highlight strong quarterly earnings. #FinTech,positive
Investors in FinanceTech report market contraction. #FinTech,negative
FinanceTech shareholders report market expansion. #TechNews,positive
Market analysts enjoy a surge in stock prices. #FinTech,positive
FinanceTech Corp report a drop in stock value. #markets,negative
The team at FinanceTech highlight a surge in stock prices. #FinTech,positive
The team at FinanceTech celebrate positive customer feedback. #TechNews,positive
Investors in FinanceTech announce negative investor sentiment. #FinTech,negative
Market analysts face negative investor sentiment. #TechNews,negative
FinanceTech Corp highlight market contraction. #stocks,negative
The team at FinanceTech are disappointed by negative investor sentiment. #investing,negative
FinanceTech shareholders announce market expansion. #TechNews,positive
Market analysts highlight declining profits. #markets,negative
FinanceTech Corp highlight declining profits. #FinTech,negative
Market analysts highlight a successful product launch. #investing,positive
The team at FinanceTech enjoy a successful product launch. #FinTech,positive
Market analysts enjoy positive customer feedback. #investing,positive
Investors in FinanceTech highlight record-breaking profits. #finance,positive
FinanceTech Corp face market contraction. #finance,negative
FinanceTech Corp report market expansion. #stocks,positive
FinanceTech's CEO celebrate positive customer feedback. #stocks,positive
FinanceTech shareholders struggle with weak earnings. #stocks,negative
FinanceTech Corp are thrilled with positive customer feedback. #FinTech,positive
The team at FinanceTech enjoy a successful product launch. #stocks,positive
FinanceTech's CEO enjoy a successful product launch. #investing,positive
Market analysts are disappointed by a failed product launch. #investing,negative
Investors in FinanceTech announce a surge in stock prices. #investing,positive
FinanceTech's CEO announce record-breaking profits. #markets,positive
The team at FinanceTech report strong quarterly earnings. #stocks,positive
FinanceTech Corp highlight market contraction. #FinTech,negative
FinanceTech's CEO celebrate strong quarterly earnings. #finance,positive
FinanceTech Corp announce a drop in stock value. #TechNews,negative
FinanceTech Corp face a failed product launch. #investing,negative
Investors in FinanceTech struggle with weak earnings. #investing,negative
Market analysts highlight a surge in stock prices. #stocks,positive
The team at FinanceTech are thrilled with a successful product launch. #FinTech,positive
FinanceTech Corp are thrilled with market expansion. #finance,positive
Investors in FinanceTech are thrilled with record-breaking profits. #TechNews,positive
FinanceTech shareholders highlight a successful product launch. #markets,positive
The team at FinanceTech struggle with a drop in stock value. #TechNews,negative
FinanceTech Corp announce a surge in stock prices. #FinTech,positive
The team at FinanceTech struggle with market contraction. #markets,negative
FinanceTech shareholders announce a surge in stock prices. #investing,positive
FinanceTech's CEO report negative investor sentiment. #finance,negative
Investors in FinanceTech highlight a successful product launch. #TechNews,positive
The team at FinanceTech face declining profits. #stocks,negative
FinanceTech shareholders highlight a surge in stock prices. #TechNews,positive
Investors in FinanceTech report declining profits. #investing,negative
FinanceTech Corp report negative investor sentiment. #TechNews,negative
FinanceTech's CEO celebrate record-breaking profits. #finance,positive
FinanceTech shareholders highlight a successful product launch. #stocks,positive
Market analysts highlight positive customer feedback. #TechNews,positive
Investors in FinanceTech highlight market expansion. #FinTech,positive
FinanceTech Corp report a drop in stock value. #finance,negative
FinanceTech shareholders announce strong quarterly earnings. #TechNews,positive
FinanceTech shareholders are thrilled with positive customer feedback. #finance,positive
Investors in FinanceTech announce a surge in stock prices. #stocks,positive
The team at FinanceTech highlight negative investor sentiment. #FinTech,negative
Investors in FinanceTech highlight negative investor sentiment. #investing,negative
Investors in FinanceTech are disappointed by a drop in stock value. #stocks,negative
FinanceTech shareholders report a successful product launch. #stocks,positive
FinanceTech shareholders enjoy a successful product launch. #TechNews,positive
Market analysts highlight weak earnings. #TechNews,negative
Investors in FinanceTech report market expansion. #TechNews,positive
The team at FinanceTech announce market expansion. #investing,positive
Investors in FinanceTech face weak earnings. #TechNews,negative
FinanceTech Corp are disappointed by market contraction. #investing,negative
FinanceTech Corp report a drop in stock value. #investing,negative
FinanceTech Corp announce a drop in stock value. #markets,negative
Investors in FinanceTech report a failed product launch. #TechNews,negative
Investors in FinanceTech highlight a failed product launch. #markets,negative
FinanceTech Corp enjoy strong quarterly earnings. #TechNews,positive
The team at FinanceTech face weak earnings. #markets,negative
FinanceTech Corp announce a failed product launch. #finance,negative
FinanceTech's CEO face weak earnings. #finance,negative
FinanceTech's CEO are disappointed by market contraction. #finance,negative
FinanceTech Corp struggle with declining profits. #investing,negative
Investors in FinanceTech report declining profits. #stocks,negative
FinanceTech's CEO struggle with declining profits. #stocks,negative
FinanceTech's CEO announce market expansion. #stocks,positive
FinanceTech Corp announce a failed product launch. #FinTech,negative
FinanceTech shareholders enjoy record-breaking profits. #markets,positive
FinanceTech shareholders report a surge in stock prices. #finance,positive
FinanceTech shareholders announce a surge in stock prices. #markets,positive
Market analysts celebrate strong quarterly earnings. #finance,positive
FinanceTech shareholders highlight a drop in stock value. #FinTech,negative
FinanceTech's CEO celebrate a surge in stock prices. #markets,positive
FinanceTech shareholders highlight negative investor sentiment. #markets,negative
FinanceTech shareholders face a drop in stock value. #investing,negative
FinanceTech Corp celebrate a surge in stock prices. #markets,positive
FinanceTech Corp face negative investor sentiment. #finance,negative
FinanceTech's CEO struggle with market contraction. #finance,negative
FinanceTech's CEO struggle with declining profits. #markets,negative
FinanceTech's CEO announce record-breaking profits. #stocks,positive
FinanceTech Corp face a drop in stock value. #markets,negative
FinanceTech Corp are disappointed by negative investor sentiment. #markets,negative
Investors in FinanceTech highlight a successful product launch. #investing,positive
The team at FinanceTech highlight market expansion. #TechNews,positive
FinanceTech Corp announce market expansion. #finance,positive
FinanceTech's CEO are disappointed by declining profits. #FinTech,negative
FinanceTech shareholders face market contraction. #markets,negative
FinanceTech Corp report market expansion. #FinTech,positive
Market analysts celebrate positive customer feedback. #investing,positive
Market analysts struggle with a drop in stock value. #finance,negative
Market analysts struggle with a drop in stock value. #TechNews,negative
Investors in FinanceTech announce record-breaking profits. #FinTech,positive
Market analysts are disappointed by negative investor sentiment. #markets,negative
Market analysts celebrate strong quarterly earnings. #stocks,positive
FinanceTech's CEO report a successful product launch. #FinTech,positive
The team at FinanceTech report market contraction. #TechNews,negative
FinanceTech's CEO report positive customer feedback. #FinTech,positive
FinanceTech Corp enjoy positive customer feedback. #investing,positive
Investors in FinanceTech announce a successful product launch. #TechNews,positive
Investors in FinanceTech enjoy a surge in stock prices. #TechNews,positive
FinanceTech Corp struggle with market contraction. #investing,negative
FinanceTech shareholders are thrilled with a successful product launch. #investing,positive
FinanceTech Corp struggle with a drop in stock value. #stocks,negative
FinanceTech shareholders highlight positive customer feedback. #investing,positive
Investors in FinanceTech struggle with negative investor sentiment. #markets,negative
FinanceTech shareholders report a surge in stock prices. #FinTech,positive
Market analysts face declining profits. #markets,negative
FinanceTech Corp highlight market expansion. #TechNews,positive
Market analysts struggle with declining profits. #stocks,negative
FinanceTech's CEO enjoy record-breaking profits. #finance,positive
The team at FinanceTech highlight a surge in stock prices. #investing,positive
FinanceTech Corp announce strong quarterly earnings. #markets,positive
The team at FinanceTech celebrate record-breaking profits. #investing,positive
FinanceTech's CEO are disappointed by weak earnings. #stocks,negative
FinanceTech shareholders highlight a successful product launch. #TechNews,positive
FinanceTech Corp celebrate a successful product launch. #stocks,positive
Investors in FinanceTech struggle with declining profits. #FinTech,negative
FinanceTech shareholders are thrilled with positive customer feedback. #markets,positive
Investors in FinanceTech struggle with a failed product launch. #FinTech,negative
Investors in FinanceTech report negative investor sentiment. #markets,negative
FinanceTech Corp report market expansion. #markets,positive
FinanceTech shareholders highlight record-breaking profits. #markets,positive
The team at FinanceTech struggle with weak earnings. #markets,negative
FinanceTech shareholders face a drop in stock value. #markets,negative
Investors in FinanceTech announce a surge in stock prices. #finance,positive
FinanceTech's CEO are disappointed by declining profits. #stocks,negative
Market analysts report a successful product launch. #FinTech,positive
Market analysts struggle with market contraction. #FinTech,negative
The team at FinanceTech highlight strong quarterly earnings. #TechNews,positive
FinanceTech shareholders highlight market contraction. #FinTech,negative
FinanceTech Corp face a drop in stock value. #TechNews,negative
FinanceTech Corp report negative investor sentiment. #investing,negative
Market analysts enjoy a successful product launch. #TechNews,positive
The team at FinanceTech celebrate a surge in stock prices. #TechNews,positive
FinanceTech shareholders announce a failed product launch. #finance,negative
FinanceTech shareholders struggle with market contraction. #FinTech,negative
FinanceTech's CEO highlight record-breaking profits. #investing,positive
FinanceTech Corp report positive customer feedback. #markets,positive
FinanceTech's CEO highlight a failed product launch. #stocks,negative
The team at FinanceTech report record-breaking profits. #FinTech,positive
Investors in FinanceTech are disappointed by declining profits. #markets,negative
FinanceTech shareholders face weak earnings. #finance,negative
The team at FinanceTech highlight declining profits. #stocks,negative
Market analysts report record-breaking profits. #finance,positive
Market analysts announce market contraction. #markets,negative
The team at FinanceTech announce a failed product launch. #FinTech,negative
The team at FinanceTech celebrate strong quarterly earnings. #FinTech,positive
The team at FinanceTech highlight negative investor sentiment. #TechNews,negative
The team at FinanceTech highlight positive customer feedback. #finance,positive
The team at FinanceTech celebrate record-breaking profits. #FinTech,positive
FinanceTech Corp face declining profits. #investing,negative
The team at FinanceTech announce a drop in stock value. #TechNews,negative
Investors in FinanceTech highlight positive customer feedback. #markets,positive
FinanceTech's CEO struggle with a failed product launch. #markets,negative
FinanceTech shareholders struggle with negative investor sentiment. #FinTech,negative
Investors in FinanceTech enjoy market expansion. #FinTech,positive
FinanceTech Corp highlight market expansion. #investing,positive
FinanceTech shareholders report weak earnings. #markets,negative
Market analysts report market expansion. #investing,positive
FinanceTech's CEO report a surge in stock prices. #finance,positive
The team at FinanceTech are thrilled with market expansion. #FinTech,positive
The team at FinanceTech are disappointed by market contraction. #finance,negative
FinanceTech's CEO announce market expansion. #TechNews,positive
The team at FinanceTech struggle with declining profits. #FinTech,negative
FinanceTech Corp highlight weak earnings. #FinTech,negative
FinanceTech shareholders announce strong quarterly earnings. #markets,positive
Market analysts announce weak earnings. #finance,negative
FinanceTech's CEO face weak earnings. #TechNews,negative
Investors in FinanceTech enjoy strong quarterly earnings. #stocks,positive
The team at FinanceTech are disappointed by weak earnings. #stocks,negative
Market analysts report market expansion. #finance,positive
FinanceTech's CEO announce declining profits. #stocks,negative
Investors in FinanceTech announce negative investor sentiment. #finance,negative
FinanceTech Corp announce record-breaking profits. #FinTech,positive
The team at FinanceTech enjoy positive customer feedback. #TechNews,positive
Market analysts highlight record-breaking profits. #TechNews,positive
The team at FinanceTech enjoy strong quarterly earnings. #markets,positive
FinanceTech shareholders are thrilled with strong quarterly earnings. #finance,positive
Investors in FinanceTech enjoy a successful product launch. #stocks,positive
FinanceTech's CEO face a drop in stock value. #investing,negative
FinanceTech shareholders highlight record-breaking profits. #finance,positive
Investors in FinanceTech celebrate record-breaking profits. #TechNews,positive
FinanceTech's CEO highlight market contraction. #stocks,negative
The team at FinanceTech announce weak earnings. #TechNews,negative
Market analysts face a drop in stock value. #investing,negative
Market analysts highlight a surge in stock prices. #TechNews,positive
Investors in FinanceTech struggle with market contraction. #stocks,negative
FinanceTech Corp face weak earnings. #FinTech,negative
FinanceTech Corp celebrate positive customer feedback. #FinTech,positive
Investors in FinanceTech struggle with a drop in stock value. #investing,negative
Investors in FinanceTech announce declining profits. #investing,negative
Investors in FinanceTech highlight a surge in stock prices. #finance,positive
FinanceTech shareholders struggle with a drop in stock value. #investing,negative
FinanceTech shareholders celebrate market expansion. #investing,positive
Investors in FinanceTech highlight negative investor sentiment. #markets,negative
Market analysts are thrilled with strong quarterly earnings. #FinTech,positive
Market analysts are disappointed by weak earnings. #markets,negative
Market analysts report a failed product launch. #TechNews,negative
Market analysts celebrate market expansion. #finance,positive
Market analysts report weak earnings. #markets,negative
FinanceTech Corp celebrate positive customer feedback. #TechNews,positive
FinanceTech's CEO celebrate strong quarterly earnings. #stocks,positive
The team at FinanceTech are disappointed by negative investor sentiment. #TechNews,negative
The team at FinanceTech report a drop in stock value. #investing,negative
Market analysts highlight declining profits. #stocks,negative
FinanceTech Corp announce market expansion. #investing,positive
FinanceTech shareholders announce record-breaking profits. #investing,positive
FinanceTech Corp enjoy a successful product launch. #TechNews,positive
FinanceTech's CEO report a drop in stock value. #stocks,negative
FinanceTech shareholders are thrilled with strong quarterly earnings. #stocks,positive
FinanceTech shareholders enjoy positive customer feedback. #markets,positive
FinanceTech's CEO highlight weak earnings. #investing,negative
FinanceTech Corp struggle with a drop in stock value. #FinTech,negative
FinanceTech's CEO report declining profits. #TechNews,negative
FinanceTech Corp highlight a drop in stock value. #markets,negative
FinanceTech Corp celebrate record-breaking profits. #stocks,positive
The team at FinanceTech report record-breaking profits. #finance,positive
FinanceTech Corp celebrate market expansion. #stocks,positive
FinanceTech shareholders enjoy strong quarterly earnings. #finance,positive
The team at FinanceTech are thrilled with record-breaking profits. #FinTech,positive
Investors in FinanceTech highlight weak earnings. #markets,negative
FinanceTech shareholders enjoy positive customer feedback. #FinTech,positive
FinanceTech shareholders announce weak earnings. #investing,negative
FinanceTech Corp face a drop in stock value. #stocks,negative
Investors in FinanceTech struggle with a drop in stock value. #FinTech,negative
The team at FinanceTech are thrilled with positive customer feedback. #finance,positive
FinanceTech shareholders struggle with negative investor sentiment. #markets,negative
Market analysts enjoy a successful product launch. #FinTech,positive
FinanceTech Corp report a surge in stock prices. #finance,positive
FinanceTech shareholders report record-breaking profits. #FinTech,positive
Market analysts are disappointed by market contraction. #investing,negative
FinanceTech Corp enjoy market expansion. #TechNews,positive
FinanceTech shareholders are disappointed by a failed product launch. #TechNews,negative
Market analysts announce market expansion. #finance,positive
Investors in FinanceTech announce a drop in stock value. #FinTech,negative
Investors in FinanceTech are thrilled with positive customer feedback. #stocks,positive
Investors in FinanceTech are disappointed by market contraction. #finance,negative
The team at FinanceTech announce a drop in stock value. #investing,negative
Investors in FinanceTech report weak earnings. #investing,negative
FinanceTech shareholders are disappointed by a drop in stock value. #FinTech,negative
FinanceTech's CEO celebrate strong quarterly earnings. #markets,positive
The team at FinanceTech report positive customer feedback. #markets,positive
Market analysts struggle with a drop in stock value. #investing,negative
Market analysts are disappointed by declining profits. #investing,negative
Investors in FinanceTech are disappointed by declining profits. #TechNews,negative
Investors in FinanceTech report a drop in stock value. #markets,negative
Market analysts highlight record-breaking profits. #investing,positive
The team at FinanceTech are thrilled with a successful product launch. #stocks,positive
FinanceTech's CEO highlight record-breaking profits. #stocks,positive
FinanceTech shareholders highlight negative investor sentiment. #investing,negative
Market analysts highlight weak earnings. #FinTech,negative
FinanceTech shareholders announce negative investor sentiment. #investing,negative
The team at FinanceTech announce strong quarterly earnings. #FinTech,positive
FinanceTech shareholders enjoy positive customer feedback. #finance,positive
FinanceTech shareholders announce positive customer feedback. #investing,positive
Investors in FinanceTech are disappointed by a failed product launch. #investing,negative
Investors in FinanceTech announce a drop in stock value. #investing,negative
Market analysts highlight weak earnings. #finance,negative
FinanceTech Corp highlight a failed product launch. #finance,negative
Investors in FinanceTech highlight weak earnings. #stocks,negative
The team at FinanceTech struggle with market contraction. #finance,negative
Market analysts enjoy a surge in stock prices. #markets,positive
Market analysts enjoy strong quarterly earnings. #stocks,positive
The team at FinanceTech announce a failed product launch. #finance,negative
FinanceTech Corp are disappointed by declining profits. #markets,negative
FinanceTech's CEO report strong quarterly earnings. #FinTech,positive
FinanceTech shareholders are disappointed by declining profits. #investing,negative
Market analysts report declining profits. #FinTech,negative
FinanceTech's CEO face negative investor sentiment. #finance,negative
Market analysts face market contraction. #TechNews,negative
The team at FinanceTech are thrilled with record-breaking profits. #stocks,positive
Market analysts announce negative investor sentiment. #stocks,negative
FinanceTech's CEO are disappointed by a failed product launch. #stocks,negative
FinanceTech Corp announce a surge in stock prices. #finance,positive
FinanceTech shareholders highlight weak earnings. #investing,negative
FinanceTech Corp announce market contraction. #stocks,negative
Investors in FinanceTech highlight market expansion. #TechNews,positive
Investors in FinanceTech struggle with a drop in stock value. #TechNews,negative
The team at FinanceTech face weak earnings. #finance,negative
FinanceTech Corp are thrilled with strong quarterly earnings. #finance,positive
The team at FinanceTech highlight weak earnings. #TechNews,negative
FinanceTech shareholders struggle with negative investor sentiment. #TechNews,negative
Market analysts are thrilled with positive customer feedback. #markets,positive
Investors in FinanceTech highlight weak earnings. #finance,negative
Market analysts struggle with weak earnings. #investing,negative
FinanceTech's CEO highlight a successful product launch. #TechNews,positive
Market analysts struggle with a drop in stock value. #markets,negative
FinanceTech's CEO face weak earnings. #markets,negative
FinanceTech shareholders report market contraction. #FinTech,negative
FinanceTech's CEO announce a drop in stock value. #FinTech,negative
FinanceTech's CEO announce strong quarterly earnings. #markets,positive
Investors in FinanceTech struggle with declining profits. #markets,negative
The team at FinanceTech are disappointed by a failed product launch. #finance,negative
The team at FinanceTech are disappointed by declining profits. #finance,negative
Investors in FinanceTech struggle with weak earnings. #stocks,negative
FinanceTech's CEO announce strong quarterly earnings. #FinTech,positive
The team at FinanceTech report a drop in stock value. #TechNews,negative
The team at FinanceTech announce record-breaking profits. #markets,positive
Market analysts celebrate market expansion. #FinTech,positive
Investors in FinanceTech report a failed product launch. #markets,negative
FinanceTech shareholders are thrilled with market expansion. #FinTech,positive
Investors in FinanceTech report a surge in stock prices. #stocks,positive
Market analysts highlight strong quarterly earnings. #FinTech,positive
Investors in FinanceTech report negative investor sentiment. #FinTech,negative
FinanceTech shareholders are thrilled with a surge in stock prices. #finance,positive
Investors in FinanceTech report a surge in stock prices. #TechNews,positive
FinanceTech Corp report record-breaking profits. #FinTech,positive
The team at FinanceTech struggle with weak earnings. #investing,negative
FinanceTech's CEO highlight market expansion. #TechNews,positive
The team at FinanceTech struggle with declining profits. #finance,negative
Investors in FinanceTech are disappointed by a drop in stock value. #FinTech,negative
FinanceTech shareholders report declining profits. #investing,negative
Investors in FinanceTech highlight declining profits. #markets,negative
FinanceTech shareholders highlight record-breaking profits. #FinTech,positive
FinanceTech shareholders announce market expansion. #FinTech,positive
Market analysts enjoy record-breaking profits. #investing,positive
Investors in FinanceTech are thrilled with a surge in stock prices. #investing,positive
The team at FinanceTech report negative investor sentiment. #investing,negative
FinanceTech Corp highlight negative investor sentiment. #stocks,negative
Investors in FinanceTech struggle with negative investor sentiment. #TechNews,negative
The team at FinanceTech face declining profits. #markets,negative
Market analysts announce a failed product launch. #TechNews,negative
FinanceTech Corp struggle with negative investor sentiment. #markets,negative
Investors in FinanceTech are thrilled with strong quarterly earnings. #TechNews,positive
The team at FinanceTech announce declining profits. #markets,negative
FinanceTech Corp celebrate market expansion. #finance,positive
FinanceTech shareholders celebrate a successful product launch. #finance,positive
FinanceTech Corp announce a surge in stock prices. #stocks,positive
Market analysts report negative investor sentiment. #stocks,negative
Market analysts struggle with declining profits. #markets,negative
Market analysts are disappointed by negative investor sentiment. #stocks,negative
The team at FinanceTech highlight positive customer feedback. #markets,positive
The team at FinanceTech are disappointed by a failed product launch. #FinTech,negative
FinanceTech Corp announce a surge in stock prices. #markets,positive
FinanceTech shareholders announce weak earnings. #FinTech,negative
FinanceTech's CEO highlight a successful product launch. #investing,positive
Market analysts report positive customer feedback. #TechNews,positive
FinanceTech shareholders highlight positive customer feedback. #finance,positive
FinanceTech Corp face market contraction. #investing,negative
Investors in FinanceTech announce a drop in stock value. #finance,negative
Market analysts highlight record-breaking profits. #stocks,positive
Investors in FinanceTech report a successful product launch. #TechNews,positive
The team at FinanceTech highlight a successful product launch. #FinTech,positive
FinanceTech's CEO are thrilled with strong quarterly earnings. #stocks,positive
FinanceTech Corp announce a failed product launch. #TechNews,negative
FinanceTech Corp highlight market contraction. #investing,negative
FinanceTech's CEO struggle with declining profits. #TechNews,negative
FinanceTech shareholders struggle with market contraction. #TechNews,negative
FinanceTech's CEO highlight a surge in stock prices. #investing,positive
Investors in FinanceTech struggle with negative investor sentiment. #investing,negative
The team at FinanceTech are disappointed by negative investor sentiment. #stocks,negative
The team at FinanceTech highlight positive customer feedback. #investing,positive
FinanceTech's CEO are disappointed by weak earnings. #investing,negative
The team at FinanceTech struggle with negative investor sentiment. #markets,negative
FinanceTech shareholders celebrate a surge in stock prices. #finance,positive
Investors in FinanceTech face declining profits. #markets,negative
FinanceTech's CEO report market expansion. #FinTech,positive
FinanceTech Corp are disappointed by a drop in stock value. #stocks,negative
Investors in FinanceTech highlight market contraction. #markets,negative
FinanceTech Corp celebrate market expansion. #FinTech,positive
Market analysts celebrate positive customer feedback. #finance,positive
